user,knob,windows,span_days,changes,changes_per_6mo,median_abs_delta,path,net,path_over_net,material,after_deadband,after_deadband_per_6mo,window,step,lag_days
tim,aggression,11,154,6,7.1103896103896105,0.11499999999999999,0.6700000000000002,0.07000000000000006,9.571428571428566,5,6,7.1103896103896105,14,14,14.0
tim,hypoCaution,11,154,7,8.295454545454545,0.5,4.7,0.10000000000000009,46.99999999999996,5,7,8.295454545454545,14,14,14.0
tim,confirmedCap,11,154,2,2.3701298701298703,0.1499999999999999,0.2999999999999998,0.0,,1,0,0.0,14,14,14.0
tim,committedCap,11,154,10,11.85064935064935,0.06,1.03,0.43,2.3953488372093026,6,5,5.925324675324675,14,14,14.0
tim,cumulative60,11,154,9,10.665584415584416,0.10000000000000009,2.4999999999999987,0.8999999999999999,2.777777777777777,4,1,1.1850649350649352,14,14,14.0
tim,primerCap,11,154,10,11.85064935064935,0.045000000000000005,0.5,0.21999999999999997,2.272727272727273,6,4,4.740259740259741,14,14,14.0
A,aggression,11,154,0,0.0,0.0,0.0,0.0,,0,0,0.0,14,14,14.0
A,hypoCaution,11,154,0,0.0,0.0,0.0,0.0,,0,0,0.0,14,14,14.0
A,confirmedCap,11,154,4,4.740259740259741,2.625,10.5,0.0,,3,3,3.5551948051948052,14,14,14.0
A,committedCap,11,154,9,10.665584415584416,0.050000000000000044,0.5199999999999994,0.05999999999999983,8.66666666666668,1,3,3.5551948051948052,14,14,14.0
A,cumulative60,11,154,9,10.665584415584416,0.20000000000000018,11.000000000000005,0.20000000000000107,54.99999999999974,2,3,3.5551948051948052,14,14,14.0
A,primerCap,11,154,9,10.665584415584416,0.020000000000000018,0.36,0.020000000000000018,17.999999999999982,3,2,2.3701298701298703,14,14,14.0
B,aggression,9,126,5,7.242063492063492,0.15000000000000002,0.6000000000000001,0.0,,4,5,7.242063492063492,14,14,14.0
B,hypoCaution,9,126,5,7.242063492063492,0.6000000000000001,2.4000000000000004,0.0,,4,5,7.242063492063492,14,14,14.0
B,confirmedCap,9,126,8,11.587301587301587,1.125,8.86,0.0,,5,5,7.242063492063492,14,14,14.0
B,committedCap,9,126,7,10.138888888888888,0.17999999999999994,1.03,0.1100000000000001,9.363636363636356,5,5,7.242063492063492,14,14,14.0
B,cumulative60,9,126,8,11.587301587301587,1.0000000000000004,9.5,0.2999999999999998,31.666666666666686,5,7,10.138888888888888,14,14,14.0
B,primerCap,9,126,7,10.138888888888888,0.20999999999999996,1.1099999999999999,0.010000000000000009,110.99999999999989,4,6,8.69047619047619,14,14,14.0
C,aggression,6,84,5,10.863095238095237,0.07999999999999996,0.3899999999999999,0.07000000000000006,5.571428571428565,5,5,10.863095238095237,14,14,14.0
C,hypoCaution,6,84,5,10.863095238095237,0.10000000000000009,1.0000000000000002,0.5999999999999999,1.6666666666666674,0,2,4.345238095238095,14,14,14.0
C,confirmedCap,6,84,5,10.863095238095237,1.4,8.950000000000001,4.550000000000001,1.967032967032967,3,4,8.69047619047619,14,14,14.0
C,committedCap,6,84,4,8.69047619047619,0.05499999999999999,0.27,0.050000000000000044,5.399999999999996,2,2,4.345238095238095,14,14,14.0
C,cumulative60,6,84,4,8.69047619047619,1.9,9.4,4.6,2.0434782608695654,2,4,8.69047619047619,14,14,14.0
C,primerCap,6,84,4,8.69047619047619,0.03999999999999998,0.22999999999999995,0.15,1.533333333333333,1,1,2.1726190476190474,14,14,14.0
D,aggression,3,42,1,4.345238095238095,0.07000000000000006,0.07000000000000006,0.07000000000000006,1.0,0,1,4.345238095238095,14,14,14.0
D,hypoCaution,3,42,2,8.69047619047619,0.4,0.8,0.8,1.0,1,2,8.69047619047619,14,14,14.0
D,confirmedCap,3,42,0,0.0,0.0,0.0,0.0,,0,0,0.0,14,14,14.0
D,committedCap,3,42,2,8.69047619047619,0.050000000000000044,0.10000000000000009,0.020000000000000018,5.0,1,0,0.0,14,14,14.0
D,cumulative60,3,42,1,4.345238095238095,0.09999999999999964,0.09999999999999964,0.09999999999999964,1.0,0,0,0.0,14,14,14.0
D,primerCap,3,42,2,8.69047619047619,0.095,0.19,0.19,1.0,1,1,4.345238095238095,14,14,14.0
E,aggression,11,154,0,0.0,0.0,0.0,0.0,,0,0,0.0,14,14,14.0
E,hypoCaution,11,154,0,0.0,0.0,0.0,0.0,,0,0,0.0,14,14,14.0
E,confirmedCap,11,154,10,11.85064935064935,0.15000000000000036,2.000000000000001,0.54,3.703703703703705,1,0,0.0,14,14,14.0
E,committedCap,11,154,10,11.85064935064935,0.020000000000000018,0.52,0.19999999999999996,2.6000000000000005,4,3,3.5551948051948052,14,14,14.0
E,cumulative60,11,154,10,11.85064935064935,0.1499999999999999,2.4999999999999982,0.9000000000000004,2.7777777777777746,2,2,2.3701298701298703,14,14,14.0
E,primerCap,11,154,9,10.665584415584416,0.010000000000000009,0.24,0.09999999999999998,2.4000000000000004,3,2,2.3701298701298703,14,14,14.0
F,aggression,11,154,2,2.3701298701298703,0.07999999999999996,0.15999999999999992,0.0,,2,2,2.3701298701298703,14,14,14.0
F,hypoCaution,11,154,2,2.3701298701298703,0.3999999999999999,0.7999999999999998,0.0,,1,2,2.3701298701298703,14,14,14.0
F,confirmedCap,11,154,7,8.295454545454545,0.75,6.27,1.4299999999999997,4.384615384615385,6,5,5.925324675324675,14,14,14.0
F,committedCap,11,154,9,10.665584415584416,0.05999999999999994,0.6700000000000002,0.030000000000000027,22.333333333333318,5,4,4.740259740259741,14,14,14.0
F,cumulative60,11,154,10,11.85064935064935,0.4500000000000002,7.699999999999999,1.5,5.133333333333333,7,4,4.740259740259741,14,14,14.0
F,primerCap,11,154,8,9.480519480519481,0.040000000000000036,0.3500000000000001,0.10999999999999999,3.181818181818183,3,3,3.5551948051948052,14,14,14.0
H,aggression,4,56,0,0.0,0.0,0.0,0.0,,0,0,0.0,14,14,14.0
H,hypoCaution,4,56,0,0.0,0.0,0.0,0.0,,0,0,0.0,14,14,14.0
H,confirmedCap,4,56,1,3.258928571428571,1.4000000000000004,1.4000000000000004,1.4000000000000004,1.0,1,1,3.258928571428571,14,14,14.0
H,committedCap,4,56,3,9.776785714285714,0.18999999999999995,0.42000000000000004,0.4,1.05,1,2,6.517857142857142,14,14,14.0
H,cumulative60,4,56,2,6.517857142857142,1.1,2.2,2.2,1.0,1,1,3.258928571428571,14,14,14.0
H,primerCap,4,56,3,9.776785714285714,0.09999999999999998,0.34,0.25999999999999995,1.307692307692308,2,2,6.517857142857142,14,14,14.0
tim,aggression,22,161,7,7.934782608695652,0.07999999999999996,0.7500000000000001,0.15000000000000002,5.0,6,7,7.934782608695652,14,7,10.5
tim,hypoCaution,22,161,12,13.60248447204969,0.5,6.4,0.6000000000000001,10.666666666666666,5,11,12.468944099378882,14,7,10.5
tim,confirmedCap,22,161,4,4.534161490683229,0.1449999999999999,0.5799999999999996,0.0,,1,0,0.0,14,7,10.5
tim,committedCap,22,161,18,20.403726708074533,0.04000000000000001,1.23,0.29,4.241379310344827,9,6,6.801242236024845,14,7,10.5
tim,cumulative60,22,161,14,15.869565217391305,0.10000000000000009,2.7999999999999985,0.6000000000000001,4.666666666666663,8,1,1.1335403726708073,14,7,10.5
tim,primerCap,22,161,17,19.27018633540373,0.020000000000000004,0.5800000000000001,0.15999999999999998,3.625000000000001,6,3,3.4006211180124226,14,7,10.5
A,aggression,21,154,0,0.0,0.0,0.0,0.0,,0,0,0.0,14,7,10.5
A,hypoCaution,21,154,0,0.0,0.0,0.0,0.0,,0,0,0.0,14,7,10.5
A,confirmedCap,21,154,5,5.925324675324675,2.5,14.9,0.0,,4,4,4.740259740259741,14,7,10.5
A,committedCap,21,154,18,21.33116883116883,0.03500000000000003,1.0799999999999994,0.05999999999999983,18.00000000000004,4,7,8.295454545454545,14,7,10.5
A,cumulative60,21,154,13,15.405844155844155,0.20000000000000107,16.800000000000008,0.20000000000000107,83.99999999999959,5,4,4.740259740259741,14,7,10.5
A,primerCap,21,154,16,18.961038961038962,0.05499999999999994,0.9600000000000002,0.020000000000000018,47.999999999999964,9,8,9.480519480519481,14,7,10.5
B,aggression,18,133,8,10.977443609022556,0.07999999999999996,0.84,0.07999999999999996,10.500000000000005,7,8,10.977443609022556,14,7,10.5
B,hypoCaution,18,133,11,15.093984962406013,0.20000000000000018,3.2,0.19999999999999996,16.000000000000004,3,9,12.349624060150376,14,7,10.5
B,confirmedCap,18,133,15,20.58270676691729,0.4500000000000002,10.86,0.0,,6,7,9.605263157894736,14,7,10.5
B,committedCap,18,133,16,21.954887218045112,0.07000000000000006,1.2000000000000002,0.0,,7,9,12.349624060150376,14,7,10.5
B,cumulative60,18,133,16,21.954887218045112,0.3999999999999999,11.0,0.0,,5,6,8.233082706766917,14,7,10.5
B,primerCap,18,133,14,19.210526315789473,0.034999999999999976,1.14,0.0,,5,5,6.860902255639098,14,7,10.5
C,aggression,12,91,5,10.027472527472527,0.07999999999999996,0.3899999999999999,0.07000000000000006,5.571428571428565,5,5,10.027472527472527,14,7,10.5
C,hypoCaution,12,91,8,16.043956043956044,0.25,2.1,0.09999999999999987,21.00000000000003,2,5,10.027472527472527,14,7,10.5
C,confirmedCap,12,91,11,22.060439560439562,0.79,14.7,3.02,4.8675496688741715,5,8,16.043956043956044,14,7,10.5
C,committedCap,12,91,10,20.054945054945055,0.07000000000000006,0.7100000000000004,0.030000000000000027,23.66666666666666,3,7,14.03846153846154,14,7,10.5
C,cumulative60,12,91,11,22.060439560439562,0.8999999999999999,14.9,2.9,5.137931034482759,5,6,12.032967032967033,14,7,10.5
C,primerCap,12,91,10,20.054945054945055,0.02999999999999997,0.3999999999999998,0.12000000000000002,3.333333333333331,1,1,2.0054945054945055,14,7,10.5
D,aggression,7,133,1,1.3721804511278195,0.07000000000000006,0.07000000000000006,0.07000000000000006,1.0,0,1,1.3721804511278195,14,7,10.5
D,hypoCaution,7,133,3,4.116541353383458,0.30000000000000004,0.8,0.8,1.0,0,3,4.116541353383458,14,7,10.5
D,confirmedCap,7,133,1,1.3721804511278195,0.5,0.5,0.5,1.0,1,1,1.3721804511278195,14,7,10.5
D,committedCap,7,133,6,8.233082706766917,0.05500000000000005,0.6199999999999999,0.24,2.583333333333333,2,3,4.116541353383458,14,7,10.5
D,cumulative60,7,133,3,4.116541353383458,0.20000000000000018,0.5999999999999996,0.0,,0,0,0.0,14,7,10.5
D,primerCap,7,133,6,8.233082706766917,0.024999999999999994,0.35,0.25,1.4,3,2,2.744360902255639,14,7,10.5
E,aggression,21,154,0,0.0,0.0,0.0,0.0,,0,0,0.0,14,7,10.5
E,hypoCaution,21,154,0,0.0,0.0,0.0,0.0,,0,0,0.0,14,7,10.5
E,confirmedCap,21,154,20,23.7012987012987,0.11500000000000021,8.82,0.54,16.333333333333332,5,2,2.3701298701298703,14,7,10.5
E,committedCap,21,154,18,21.33116883116883,0.030000000000000027,0.6200000000000001,0.19999999999999996,3.1000000000000014,5,3,3.5551948051948052,14,7,10.5
E,cumulative60,21,154,18,21.33116883116883,0.1999999999999993,9.300000000000002,0.9000000000000004,10.333333333333332,5,2,2.3701298701298703,14,7,10.5
E,primerCap,21,154,15,17.775974025974026,0.020000000000000018,0.5,0.09999999999999998,5.000000000000001,5,3,3.5551948051948052,14,7,10.5
F,aggression,21,154,6,7.1103896103896105,0.07999999999999996,0.47999999999999976,0.0,,6,6,7.1103896103896105,14,7,10.5
F,hypoCaution,21,154,6,7.1103896103896105,0.19999999999999996,1.4,0.0,,3,4,4.740259740259741,14,7,10.5
F,confirmedCap,21,154,13,15.405844155844155,0.3999999999999999,7.670000000000001,1.4299999999999997,5.363636363636365,10,6,7.1103896103896105,14,7,10.5
F,committedCap,21,154,17,20.146103896103895,0.050000000000000044,0.9900000000000002,0.030000000000000027,32.99999999999998,8,6,7.1103896103896105,14,7,10.5
F,cumulative60,21,154,17,20.146103896103895,0.2999999999999998,9.299999999999999,1.5,6.199999999999999,10,6,7.1103896103896105,14,7,10.5
F,primerCap,21,154,16,18.961038961038962,0.05000000000000002,0.77,0.10999999999999999,7.000000000000001,7,8,9.480519480519481,14,7,10.5
H,aggression,6,56,0,0.0,0.0,0.0,0.0,,0,0,0.0,14,7,10.5
H,hypoCaution,6,56,0,0.0,0.0,0.0,0.0,,0,0,0.0,14,7,10.5
H,confirmedCap,6,56,2,6.517857142857142,0.7000000000000002,1.4000000000000004,1.4000000000000004,1.0,1,1,3.258928571428571,14,7,10.5
H,committedCap,6,56,5,16.294642857142858,0.010000000000000009,0.44000000000000006,0.4,1.1,2,2,6.517857142857142,14,7,10.5
H,cumulative60,6,56,3,9.776785714285714,0.40000000000000036,2.2,2.2,1.0,1,1,3.258928571428571,14,7,10.5
H,primerCap,6,56,5,16.294642857142858,0.09999999999999998,0.4599999999999999,0.25999999999999995,1.7692307692307692,4,5,16.294642857142858,14,7,10.5
tim,aggression,22,168,9,9.776785714285714,0.07999999999999996,0.7500000000000001,0.15000000000000002,5.0,7,9,9.776785714285714,21,7,14.0
tim,hypoCaution,22,168,13,14.12202380952381,0.30000000000000004,4.999999999999999,1.0,4.999999999999999,4,12,13.035714285714285,21,7,14.0
tim,confirmedCap,22,168,4,4.345238095238095,0.42000000000000004,1.6400000000000001,0.43999999999999995,3.727272727272728,1,2,2.1726190476190474,21,7,14.0
tim,committedCap,22,168,17,18.467261904761905,0.030000000000000027,1.01,0.26999999999999996,3.7407407407407414,5,2,2.1726190476190474,21,7,14.0
tim,cumulative60,22,168,14,15.208333333333332,0.10000000000000009,3.099999999999999,0.8999999999999999,3.4444444444444438,2,3,3.258928571428571,21,7,14.0
tim,primerCap,22,168,15,16.294642857142858,0.020000000000000018,0.5599999999999999,0.15999999999999998,3.5,5,4,4.345238095238095,21,7,14.0
A,aggression,21,161,0,0.0,0.0,0.0,0.0,,0,0,0.0,21,7,14.0
A,hypoCaution,21,161,0,0.0,0.0,0.0,0.0,,0,0,0.0,21,7,14.0
A,confirmedCap,21,161,4,4.534161490683229,2.95,11.8,0.0,,2,4,4.534161490683229,21,7,14.0
A,committedCap,21,161,15,17.003105590062113,0.020000000000000018,0.6999999999999995,0.07999999999999985,8.75000000000001,3,3,3.4006211180124226,21,7,14.0
A,cumulative60,21,161,10,11.335403726708075,0.3000000000000007,13.000000000000005,0.20000000000000107,64.99999999999969,2,4,4.534161490683229,21,7,14.0
A,primerCap,21,161,15,17.003105590062113,0.010000000000000009,0.38000000000000006,0.08000000000000002,4.75,1,1,1.1335403726708073,21,7,14.0
B,aggression,18,140,6,7.821428571428571,0.07999999999999996,0.6000000000000001,0.0,,6,6,7.821428571428571,21,7,14.0
B,hypoCaution,18,140,10,13.035714285714285,0.10000000000000009,2.2,0.0,,2,4,5.214285714285714,21,7,14.0
B,confirmedCap,18,140,14,18.25,0.25,6.93,0.4700000000000002,14.744680851063823,3,3,3.9107142857142856,21,7,14.0
B,committedCap,18,140,13,16.946428571428573,0.039999999999999813,0.9100000000000004,0.07000000000000006,12.999999999999993,7,6,7.821428571428571,21,7,14.0
B,cumulative60,18,140,14,18.25,0.39999999999999947,7.899999999999996,0.2999999999999998,26.333333333333336,2,3,3.9107142857142856,21,7,14.0
B,primerCap,18,140,14,18.25,0.03999999999999998,1.1199999999999997,0.0,,5,4,5.214285714285714,21,7,14.0
C,aggression,12,98,6,11.173469387755102,0.07999999999999996,0.45999999999999996,0.0,,5,6,11.173469387755102,21,7,14.0
C,hypoCaution,12,98,8,14.897959183673468,0.19999999999999996,2.0999999999999996,0.30000000000000004,6.999999999999998,2,7,13.035714285714285,21,7,14.0
C,confirmedCap,12,98,7,13.035714285714285,0.9199999999999999,5.86,3.6399999999999997,1.6098901098901102,0,5,9.311224489795919,21,7,14.0
C,committedCap,12,98,10,18.622448979591837,0.04500000000000004,0.44000000000000017,0.040000000000000036,10.999999999999995,0,2,3.724489795918367,21,7,14.0
C,cumulative60,12,98,10,18.622448979591837,0.49999999999999956,6.299999999999998,3.500000000000001,1.799999999999999,0,4,7.448979591836734,21,7,14.0
C,primerCap,12,98,9,16.760204081632654,0.019999999999999962,0.41000000000000003,0.010000000000000009,40.999999999999964,2,2,3.724489795918367,21,7,14.0
D,aggression,8,140,1,1.3035714285714286,0.07000000000000006,0.07000000000000006,0.07000000000000006,1.0,0,1,1.3035714285714286,21,7,14.0
D,hypoCaution,8,140,3,3.9107142857142856,0.30000000000000004,0.8999999999999999,0.5,1.7999999999999998,1,3,3.9107142857142856,21,7,14.0
D,confirmedCap,8,140,1,1.3035714285714286,0.5,0.5,0.5,1.0,0,1,1.3035714285714286,21,7,14.0
D,committedCap,8,140,5,6.517857142857142,0.020000000000000018,0.4999999999999998,0.26,1.9230769230769222,2,2,2.607142857142857,21,7,14.0
D,cumulative60,8,140,4,5.214285714285714,0.1499999999999999,0.5999999999999996,0.0,,0,0,0.0,21,7,14.0
D,primerCap,8,140,3,3.9107142857142856,0.08999999999999997,0.31999999999999995,0.26,1.2307692307692306,3,2,2.607142857142857,21,7,14.0
E,aggression,21,161,0,0.0,0.0,0.0,0.0,,0,0,0.0,21,7,14.0
E,hypoCaution,21,161,0,0.0,0.0,0.0,0.0,,0,0,0.0,21,7,14.0
E,confirmedCap,21,161,20,22.67080745341615,0.125,2.5999999999999988,0.45999999999999996,5.652173913043476,3,0,0.0,21,7,14.0
E,committedCap,21,161,17,19.27018633540373,0.020000000000000018,0.5,0.21999999999999997,2.272727272727273,5,1,1.1335403726708073,21,7,14.0
E,cumulative60,21,161,14,15.869565217391305,0.1499999999999999,2.7,0.8999999999999995,3.0000000000000018,2,0,0.0,21,7,14.0
E,primerCap,21,161,15,17.003105590062113,0.010000000000000009,0.25,0.10999999999999999,2.272727272727273,2,0,0.0,21,7,14.0
F,aggression,21,161,4,4.534161490683229,0.07999999999999996,0.31999999999999984,0.0,,4,4,4.534161490683229,21,7,14.0
F,hypoCaution,21,161,2,2.2670807453416146,0.10000000000000009,0.20000000000000018,0.0,,0,0,0.0,21,7,14.0
F,confirmedCap,21,161,12,13.60248447204969,0.29499999999999993,5.849999999999999,1.4500000000000002,4.034482758620689,6,5,5.667701863354037,21,7,14.0
F,committedCap,21,161,17,19.27018633540373,0.030000000000000027,0.5800000000000001,0.020000000000000018,28.99999999999998,3,2,2.2670807453416146,21,7,14.0
F,cumulative60,21,161,16,18.136645962732917,0.24999999999999956,6.899999999999999,1.5,4.599999999999999,6,3,3.4006211180124226,21,7,14.0
F,primerCap,21,161,15,17.003105590062113,0.019999999999999962,0.25000000000000006,0.009999999999999953,25.00000000000012,2,0,0.0,21,7,14.0
H,aggression,9,77,0,0.0,0.0,0.0,0.0,,0,0,0.0,21,7,14.0
H,hypoCaution,9,77,0,0.0,0.0,0.0,0.0,,0,0,0.0,21,7,14.0
H,confirmedCap,9,77,4,9.480519480519481,0.5150000000000001,2.0600000000000005,0.0,,2,2,4.740259740259741,21,7,14.0
H,committedCap,9,77,7,16.59090909090909,0.020000000000000018,0.4600000000000001,0.42000000000000004,1.0952380952380953,1,2,4.740259740259741,21,7,14.0
H,cumulative60,9,77,4,9.480519480519481,0.8500000000000001,2.8,0.7999999999999998,3.5000000000000004,2,3,7.1103896103896105,21,7,14.0
H,primerCap,9,77,6,14.220779220779221,0.08999999999999997,0.4399999999999999,0.25999999999999995,1.6923076923076923,4,4,9.480519480519481,21,7,14.0
tim,aggression,22,175,5,5.214285714285714,0.07000000000000006,0.43000000000000027,0.15000000000000002,2.866666666666668,4,5,5.214285714285714,28,7,17.5
tim,hypoCaution,22,175,14,14.6,0.30000000000000004,4.1,0.7,5.857142857142857,3,10,10.428571428571429,28,7,17.5
tim,confirmedCap,22,175,7,7.3,0.26,1.85,0.1299999999999999,14.230769230769242,4,2,2.085714285714286,28,7,17.5
tim,committedCap,22,175,17,17.728571428571428,0.030000000000000027,1.0,0.25999999999999995,3.8461538461538467,8,3,3.1285714285714286,28,7,17.5
tim,cumulative60,22,175,16,16.685714285714287,0.10000000000000009,3.599999999999999,0.3999999999999999,9.0,6,1,1.042857142857143,28,7,17.5
tim,primerCap,22,175,14,14.6,0.020000000000000004,0.5300000000000001,0.15,3.5333333333333345,6,4,4.171428571428572,28,7,17.5
A,aggression,21,168,0,0.0,0.0,0.0,0.0,,0,0,0.0,28,7,17.5
A,hypoCaution,21,168,0,0.0,0.0,0.0,0.0,,0,0,0.0,28,7,17.5
A,confirmedCap,21,168,3,3.258928571428571,1.2000000000000002,3.4000000000000004,0.0,,0,3,3.258928571428571,28,7,17.5
A,committedCap,21,168,15,16.294642857142858,0.020000000000000018,0.34999999999999987,0.050000000000000044,6.999999999999991,2,1,1.0863095238095237,28,7,17.5
A,cumulative60,21,168,6,6.517857142857142,0.35000000000000053,3.700000000000001,0.09999999999999964,37.00000000000014,0,2,2.1726190476190474,28,7,17.5
A,primerCap,21,168,13,14.12202380952381,0.010000000000000009,0.4,0.020000000000000018,19.999999999999982,2,2,2.1726190476190474,28,7,17.5
B,aggression,18,147,7,8.69047619047619,0.07999999999999996,0.5599999999999997,0.07999999999999996,7.0,7,7,8.69047619047619,28,7,17.5
B,hypoCaution,18,147,10,12.41496598639456,0.19999999999999996,2.3000000000000003,0.5,4.6000000000000005,3,7,8.69047619047619,28,7,17.5
B,confirmedCap,18,147,14,17.38095238095238,0.31000000000000005,7.29,0.3500000000000001,20.828571428571422,3,3,3.724489795918367,28,7,17.5
B,committedCap,18,147,12,14.897959183673468,0.039999999999999925,0.5700000000000001,0.1100000000000001,5.181818181818178,4,3,3.724489795918367,28,7,17.5
B,cumulative60,18,147,15,18.622448979591837,0.3000000000000007,7.700000000000001,0.09999999999999964,77.00000000000028,4,2,2.4829931972789114,28,7,17.5
B,primerCap,18,147,10,12.41496598639456,0.020000000000000018,0.18999999999999995,0.010000000000000009,18.99999999999998,2,0,0.0,28,7,17.5
C,aggression,12,105,4,6.952380952380953,0.07500000000000001,0.30000000000000004,0.0,,3,4,6.952380952380953,28,7,17.5
C,hypoCaution,12,105,7,12.166666666666666,0.19999999999999996,1.6,0.3999999999999999,4.000000000000001,1,4,6.952380952380953,28,7,17.5
C,confirmedCap,12,105,10,17.38095238095238,0.45999999999999996,5.300000000000001,3.28,1.6158536585365857,0,5,8.69047619047619,28,7,17.5
C,committedCap,12,105,10,17.38095238095238,0.044999999999999984,0.38,0.09999999999999998,3.8000000000000007,3,1,1.7380952380952384,28,7,17.5
C,cumulative60,12,105,10,17.38095238095238,0.5,5.499999999999998,3.5,1.571428571428571,0,5,8.69047619047619,28,7,17.5
C,primerCap,12,105,7,12.166666666666666,0.019999999999999962,0.31999999999999995,0.01999999999999999,16.000000000000007,3,2,3.4761904761904767,28,7,17.5
D,aggression,9,147,1,1.2414965986394557,0.07000000000000006,0.07000000000000006,0.07000000000000006,1.0,1,1,1.2414965986394557,28,7,17.5
D,hypoCaution,9,147,2,2.4829931972789114,0.25,0.5,0.5,1.0,0,1,1.2414965986394557,28,7,17.5
D,confirmedCap,9,147,2,2.4829931972789114,0.36,0.72,0.28,2.571428571428571,0,1,1.2414965986394557,28,7,17.5
D,committedCap,9,147,6,7.448979591836734,0.03500000000000003,0.5699999999999998,0.25,2.2799999999999994,2,2,2.4829931972789114,28,7,17.5
D,cumulative60,9,147,7,8.69047619047619,0.09999999999999964,0.9999999999999987,0.19999999999999973,5.0,0,0,0.0,28,7,17.5
D,primerCap,9,147,5,6.20748299319728,0.02999999999999997,0.33999999999999997,0.26,1.3076923076923075,3,2,2.4829931972789114,28,7,17.5
E,aggression,21,168,0,0.0,0.0,0.0,0.0,,0,0,0.0,28,7,17.5
E,hypoCaution,21,168,0,0.0,0.0,0.0,0.0,,0,0,0.0,28,7,17.5
E,confirmedCap,21,168,19,20.639880952380953,0.1200000000000001,2.2300000000000004,0.4499999999999993,4.955555555555565,1,0,0.0,28,7,17.5
E,committedCap,21,168,16,17.38095238095238,0.015000000000000013,0.30000000000000004,0.28,1.0714285714285714,1,0,0.0,28,7,17.5
E,cumulative60,21,168,16,17.38095238095238,0.10000000000000053,2.4000000000000004,1.0,2.4000000000000004,0,0,0.0,28,7,17.5
E,primerCap,21,168,11,11.949404761904763,0.010000000000000009,0.14,0.14,1.0,1,0,0.0,28,7,17.5
F,aggression,21,168,2,2.1726190476190474,0.07999999999999996,0.15999999999999992,0.0,,2,2,2.1726190476190474,28,7,17.5
F,hypoCaution,21,168,2,2.1726190476190474,0.10000000000000009,0.20000000000000018,0.0,,0,0,0.0,28,7,17.5
F,confirmedCap,21,168,9,9.776785714285714,0.5,5.6,1.5,3.733333333333333,3,5,5.431547619047619,28,7,17.5
F,committedCap,21,168,17,18.467261904761905,0.030000000000000027,0.51,0.050000000000000044,10.19999999999999,4,0,0.0,28,7,17.5
F,cumulative60,21,168,15,16.294642857142858,0.10000000000000053,6.399999999999999,1.5999999999999996,4.0,6,5,5.431547619047619,28,7,17.5
F,primerCap,21,168,16,17.38095238095238,0.014999999999999986,0.24000000000000005,0.019999999999999962,12.000000000000025,6,0,0.0,28,7,17.5
H,aggression,9,84,0,0.0,0.0,0.0,0.0,,0,0,0.0,28,7,17.5
H,hypoCaution,9,84,0,0.0,0.0,0.0,0.0,,0,0,0.0,28,7,17.5
H,confirmedCap,9,84,2,4.345238095238095,0.5,1.0,1.0,1.0,1,1,2.1726190476190474,28,7,17.5
H,committedCap,9,84,8,17.38095238095238,0.06000000000000005,0.5200000000000001,0.4800000000000001,1.0833333333333335,3,4,8.69047619047619,28,7,17.5
H,cumulative60,9,84,5,10.863095238095237,0.20000000000000018,1.9999999999999991,1.9999999999999991,1.0,1,1,2.1726190476190474,28,7,17.5
H,primerCap,9,84,4,8.69047619047619,0.034999999999999976,0.25,0.25,1.0,1,2,4.345238095238095,28,7,17.5
tim,aggression,11,168,5,5.431547619047619,0.07000000000000006,0.43000000000000027,0.15000000000000002,2.866666666666668,3,5,5.431547619047619,28,14,21.0
tim,hypoCaution,11,168,7,7.604166666666666,0.6000000000000001,4.1,0.7,5.857142857142857,6,7,7.604166666666666,28,14,21.0
tim,confirmedCap,11,168,2,2.1726190476190474,0.5,1.0,0.0,,1,2,2.1726190476190474,28,14,21.0
tim,committedCap,11,168,10,10.863095238095237,0.060000000000000026,0.8400000000000001,0.39999999999999997,2.1000000000000005,6,5,5.431547619047619,28,14,21.0
tim,cumulative60,11,168,8,8.69047619047619,0.1499999999999999,2.5999999999999996,0.7999999999999998,3.2500000000000004,4,2,2.1726190476190474,28,14,21.0
tim,primerCap,11,168,10,10.863095238095237,0.030000000000000006,0.43000000000000005,0.21,2.047619047619048,5,3,3.258928571428571,28,14,21.0
A,aggression,11,168,0,0.0,0.0,0.0,0.0,,0,0,0.0,28,14,21.0
A,hypoCaution,11,168,0,0.0,0.0,0.0,0.0,,0,0,0.0,28,14,21.0
A,confirmedCap,11,168,2,2.1726190476190474,1.7000000000000002,3.4000000000000004,0.0,,0,2,2.1726190476190474,28,14,21.0
A,committedCap,11,168,8,8.69047619047619,0.020000000000000018,0.2300000000000002,0.050000000000000044,4.6,2,0,0.0,28,14,21.0
A,cumulative60,11,168,4,4.345238095238095,0.8499999999999996,3.4999999999999982,0.09999999999999964,35.00000000000011,0,2,2.1726190476190474,28,14,21.0
A,primerCap,11,168,7,7.604166666666666,0.010000000000000009,0.1200000000000001,0.020000000000000018,6.0,1,0,0.0,28,14,21.0
B,aggression,9,140,4,5.214285714285714,0.07999999999999996,0.31999999999999984,0.0,,4,4,5.214285714285714,28,14,21.0
B,hypoCaution,9,140,5,6.517857142857142,0.19999999999999996,1.4,0.0,,2,5,6.517857142857142,28,14,21.0
B,confirmedCap,9,140,8,10.428571428571429,0.32499999999999996,5.890000000000001,0.5700000000000003,10.333333333333329,2,3,3.9107142857142856,28,14,21.0
B,committedCap,9,140,7,9.125,0.020000000000000018,0.31999999999999984,0.0,,2,2,2.607142857142857,28,14,21.0
B,cumulative60,9,140,8,10.428571428571429,0.2999999999999998,5.700000000000001,0.5,11.400000000000002,2,2,2.607142857142857,28,14,21.0
B,primerCap,9,140,4,5.214285714285714,0.024999999999999967,0.11999999999999988,0.0,,1,1,1.3035714285714286,28,14,21.0
C,aggression,6,98,3,5.586734693877551,0.07999999999999996,0.22999999999999998,0.07000000000000006,3.2857142857142825,3,3,5.586734693877551,28,14,21.0
C,hypoCaution,6,98,3,5.586734693877551,0.3999999999999999,1.0,0.20000000000000018,4.999999999999996,1,3,5.586734693877551,28,14,21.0
C,confirmedCap,6,98,5,9.311224489795919,0.4299999999999997,3.48,3.48,1.0,1,2,3.724489795918367,28,14,21.0
C,committedCap,6,98,4,7.448979591836734,0.04999999999999999,0.18999999999999995,0.030000000000000027,6.333333333333326,2,1,1.8622448979591835,28,14,21.0
C,cumulative60,6,98,5,9.311224489795919,0.3000000000000007,3.5,3.5,1.0,1,2,3.724489795918367,28,14,21.0
C,primerCap,6,98,5,9.311224489795919,0.019999999999999962,0.19999999999999993,0.13999999999999999,1.4285714285714282,1,1,1.8622448979591835,28,14,21.0
D,aggression,4,140,1,1.3035714285714286,0.07000000000000006,0.07000000000000006,0.07000000000000006,1.0,1,1,1.3035714285714286,28,14,21.0
D,hypoCaution,4,140,1,1.3035714285714286,0.5,0.5,0.5,1.0,0,1,1.3035714285714286,28,14,21.0
D,confirmedCap,4,140,1,1.3035714285714286,0.5,0.5,0.5,1.0,0,1,1.3035714285714286,28,14,21.0
D,committedCap,4,140,3,3.9107142857142856,0.020000000000000018,0.27,0.25,1.08,1,1,1.3035714285714286,28,14,21.0
D,cumulative60,4,140,0,0.0,0.0,0.0,0.0,,0,0,0.0,28,14,21.0
D,primerCap,4,140,3,3.9107142857142856,0.06,0.26,0.26,1.0,2,2,2.607142857142857,28,14,21.0
E,aggression,11,168,0,0.0,0.0,0.0,0.0,,0,0,0.0,28,14,21.0
E,hypoCaution,11,168,0,0.0,0.0,0.0,0.0,,0,0,0.0,28,14,21.0
E,confirmedCap,11,168,10,10.863095238095237,0.14000000000000012,1.7699999999999996,0.4499999999999993,3.9333333333333385,3,0,0.0,28,14,21.0
E,committedCap,11,168,10,10.863095238095237,0.024999999999999967,0.30000000000000004,0.28,1.0714285714285714,3,1,1.0863095238095237,28,14,21.0
E,cumulative60,11,168,9,9.776785714285714,0.20000000000000018,2.0,1.0,2.0,1,0,0.0,28,14,21.0
E,primerCap,11,168,8,8.69047619047619,0.010000000000000009,0.14,0.14,1.0,1,0,0.0,28,14,21.0
F,aggression,11,168,2,2.1726190476190474,0.07999999999999996,0.15999999999999992,0.0,,2,2,2.1726190476190474,28,14,21.0
F,hypoCaution,11,168,2,2.1726190476190474,0.10000000000000009,0.20000000000000018,0.0,,0,0,0.0,28,14,21.0
F,confirmedCap,11,168,5,5.431547619047619,0.5,5.2,1.5,3.466666666666667,4,3,3.258928571428571,28,14,21.0
F,committedCap,11,168,10,10.863095238095237,0.04999999999999999,0.4900000000000002,0.050000000000000044,9.799999999999995,6,4,4.345238095238095,28,14,21.0
F,cumulative60,11,168,9,9.776785714285714,0.2999999999999998,6.0,1.5999999999999996,3.750000000000001,5,3,3.258928571428571,28,14,21.0
F,primerCap,11,168,10,10.863095238095237,0.024999999999999994,0.22000000000000003,0.019999999999999962,11.000000000000023,5,0,0.0,28,14,21.0
H,aggression,4,70,0,0.0,0.0,0.0,0.0,,0,0,0.0,28,14,21.0
H,hypoCaution,4,70,0,0.0,0.0,0.0,0.0,,0,0,0.0,28,14,21.0
H,confirmedCap,4,70,1,2.607142857142857,0.9400000000000004,0.9400000000000004,0.9400000000000004,1.0,1,1,2.607142857142857,28,14,21.0
H,committedCap,4,70,3,7.821428571428571,0.08000000000000007,0.36,0.36,1.0,1,2,5.214285714285714,28,14,21.0
H,cumulative60,4,70,2,5.214285714285714,0.7999999999999998,1.5999999999999996,1.5999999999999996,1.0,1,1,2.607142857142857,28,14,21.0
H,primerCap,4,70,2,5.214285714285714,0.12,0.24,0.24,1.0,1,1,2.607142857142857,28,14,21.0
tim,aggression,6,168,3,3.258928571428571,0.07000000000000006,0.29000000000000015,0.15000000000000002,1.933333333333334,2,3,3.258928571428571,28,28,28.0
tim,hypoCaution,6,168,4,4.345238095238095,0.44999999999999996,2.0999999999999996,0.7,2.9999999999999996,1,4,4.345238095238095,28,28,28.0
tim,confirmedCap,6,168,2,2.1726190476190474,0.5,1.0,0.0,,1,2,2.1726190476190474,28,28,28.0
tim,committedCap,6,168,5,5.431547619047619,0.12,0.7000000000000001,0.39999999999999997,1.7500000000000002,5,4,4.345238095238095,28,28,28.0
tim,cumulative60,6,168,5,5.431547619047619,0.2999999999999998,2.3999999999999995,0.7999999999999998,3.0,4,2,2.1726190476190474,28,28,28.0
tim,primerCap,6,168,5,5.431547619047619,0.03,0.29000000000000004,0.21,1.3809523809523812,1,1,1.0863095238095237,28,28,28.0
A,aggression,6,168,0,0.0,0.0,0.0,0.0,,0,0,0.0,28,28,28.0
A,hypoCaution,6,168,0,0.0,0.0,0.0,0.0,,0,0,0.0,28,28,28.0
A,confirmedCap,6,168,2,2.1726190476190474,1.7000000000000002,3.4000000000000004,0.0,,1,2,2.1726190476190474,28,28,28.0
A,committedCap,6,168,4,4.345238095238095,0.03500000000000003,0.15000000000000013,0.050000000000000044,3.0,1,0,0.0,28,28,28.0
A,cumulative60,6,168,4,4.345238095238095,0.8499999999999996,3.4999999999999982,0.09999999999999964,35.00000000000011,1,2,2.1726190476190474,28,28,28.0
A,primerCap,6,168,4,4.345238095238095,0.015000000000000013,0.06000000000000005,0.020000000000000018,3.0,0,0,0.0,28,28,28.0
B,aggression,5,140,2,2.607142857142857,0.07999999999999996,0.15999999999999992,0.0,,2,2,2.607142857142857,28,28,28.0
B,hypoCaution,5,140,2,2.607142857142857,0.5,1.0,0.0,,1,2,2.607142857142857,28,28,28.0
B,confirmedCap,5,140,4,5.214285714285714,1.185,4.87,0.5700000000000003,8.543859649122803,3,2,2.607142857142857,28,28,28.0
B,committedCap,5,140,4,5.214285714285714,0.05999999999999994,0.2599999999999998,0.0,,2,2,2.607142857142857,28,28,28.0
B,cumulative60,5,140,4,5.214285714285714,1.1,4.300000000000001,0.5,8.600000000000001,2,2,2.607142857142857,28,28,28.0
B,primerCap,5,140,4,5.214285714285714,0.024999999999999967,0.11999999999999988,0.0,,1,1,1.3035714285714286,28,28,28.0
C,aggression,3,84,2,4.345238095238095,0.07999999999999996,0.15999999999999992,0.0,,2,2,4.345238095238095,28,28,28.0
C,hypoCaution,3,84,2,4.345238095238095,0.29999999999999993,0.5999999999999999,0.19999999999999996,3.0,1,2,4.345238095238095,28,28,28.0
C,confirmedCap,3,84,2,4.345238095238095,1.665,3.33,3.33,1.0,1,1,2.1726190476190474,28,28,28.0
C,committedCap,3,84,2,4.345238095238095,0.015000000000000013,0.030000000000000027,0.030000000000000027,1.0,0,0,0.0,28,28,28.0
C,cumulative60,3,84,2,4.345238095238095,1.6500000000000004,3.3000000000000007,3.3000000000000007,1.0,1,1,2.1726190476190474,28,28,28.0
C,primerCap,3,84,1,2.1726190476190474,0.010000000000000009,0.010000000000000009,0.010000000000000009,1.0,0,0,0.0,28,28,28.0
D,aggression,3,140,1,1.3035714285714286,0.07000000000000006,0.07000000000000006,0.07000000000000006,1.0,0,1,1.3035714285714286,28,28,28.0
D,hypoCaution,3,140,1,1.3035714285714286,0.5,0.5,0.5,1.0,0,1,1.3035714285714286,28,28,28.0
D,confirmedCap,3,140,1,1.3035714285714286,0.5,0.5,0.5,1.0,0,1,1.3035714285714286,28,28,28.0
D,committedCap,3,140,2,2.607142857142857,0.125,0.25,0.25,1.0,1,1,1.3035714285714286,28,28,28.0
D,cumulative60,3,140,0,0.0,0.0,0.0,0.0,,0,0,0.0,28,28,28.0
D,primerCap,3,140,2,2.607142857142857,0.13,0.26,0.26,1.0,2,2,2.607142857142857,28,28,28.0
E,aggression,6,168,0,0.0,0.0,0.0,0.0,,0,0,0.0,28,28,28.0
E,hypoCaution,6,168,0,0.0,0.0,0.0,0.0,,0,0,0.0,28,28,28.0
E,confirmedCap,6,168,5,5.431547619047619,0.3899999999999997,1.6899999999999995,0.4499999999999993,3.7555555555555604,3,0,0.0,28,28,28.0
E,committedCap,6,168,4,4.345238095238095,0.05499999999999999,0.28,0.28,1.0,4,1,1.0863095238095237,28,28,28.0
E,cumulative60,6,168,5,5.431547619047619,0.2999999999999998,2.0,1.0,2.0,4,1,1.0863095238095237,28,28,28.0
E,primerCap,6,168,4,4.345238095238095,0.03,0.14,0.14,1.0,3,1,1.0863095238095237,28,28,28.0
F,aggression,6,168,2,2.1726190476190474,0.07999999999999996,0.15999999999999992,0.0,,2,2,2.1726190476190474,28,28,28.0
F,hypoCaution,6,168,2,2.1726190476190474,0.10000000000000009,0.20000000000000018,0.0,,1,0,0.0,28,28,28.0
F,confirmedCap,6,168,5,5.431547619047619,0.5,5.2,1.5,3.466666666666667,4,3,3.258928571428571,28,28,28.0
F,committedCap,6,168,4,4.345238095238095,0.065,0.27,0.050000000000000044,5.399999999999996,3,2,2.1726190476190474,28,28,28.0
F,cumulative60,6,168,5,5.431547619047619,0.5,5.4,1.5999999999999996,3.375000000000001,4,2,2.1726190476190474,28,28,28.0
F,primerCap,6,168,4,4.345238095238095,0.03,0.11999999999999994,0.019999999999999962,6.000000000000008,2,0,0.0,28,28,28.0
